Workbook
Name Slicer_City: #N/A
Name Slicer_Months: #N/A
Name Slicer_Payment_Method: #N/A

Sheet Customers
A1: Customer_ID | B1: Name | C1: Age | D1: City
A2: CUST-001 | B2: David Kiptoo | C2: 23 | D2: Eldoret
A3: CUST-002 | B3: James Odhiambo | C3: 60 | D3: Nakuru
A4: CUST-003 | B4: Mercy Njeri | C4: 26 | D4: Nairobi
A5: CUST-004 | B5: Mercy Njeri | C5: 42 | D5: Eldoret
A6: CUST-005 | B6: Peter Mutua | C6: 19 | D6: Kisumu
A7: CUST-006 | B7: Ann Wairimu | C7: 64 | D7: Nairobi
A8: CUST-007 | B8: Peter Mutua | C8: 44 | D8: Kisumu
A9: CUST-008 | B9: Faith Achieng | C9: 58 | D9: Nairobi
A10: CUST-009 | B10: Ann Wairimu | C10: 38 | D10: Nairobi
A11: CUST-010 | B11: Ann Wairimu | C11: 49 | D11: Nakuru
A12: CUST-011 | B12: Mary Wanjiku | C12: 48 | D12: Nairobi
A13: CUST-012 | B13: James Odhiambo | C13: 47 | D13: Nakuru
... A51: CUST-050 | B51: John Kamau | C51: 46 | D51: Nairobi

Sheet Products
A1: Product_ID | B1: Product_Name | C1: Category | D1: Price_KES
A2: PRD-001 | B2: Cooking Pot | C2: Home & Living | D2: 1780
A3: PRD-002 | B3: Smartphone | C3: Electronics | D3: 19883
A4: PRD-003 | B4: Ankara Dress | C4: Clothing | D4: 6948
A5: PRD-004 | B5: Ankara Dress | C5: Clothing | D5: 17614
A6: PRD-005 | B6: Sofa Set | C6: Home & Living | D6: 8875
A7: PRD-006 | B7: Hair Oil | C7: Beauty | D7: 13649
A8: PRD-007 | B8: Rice 5kg | C8: Groceries | D8: 11625
A9: PRD-008 | B9: Bluetooth Speaker | C9: Electronics | D9: 19088
A10: PRD-009 | B10: Rice 5kg | C10: Groceries | D10: 7963
A11: PRD-010 | B11: Maize Flour | C11: Groceries | D11: 18012
A12: PRD-011 | B12: Smartphone | C12: Electronics | D12: 5104
A13: PRD-012 | B13: Ankara Dress | C13: Clothing | D13: 19755
... A31: PRD-030 | B31: Maize Flour | C31: Groceries | D31: 8706

Sheet orders
A1: Order_ID | B1: Customer_ID | C1: Product_ID | D1: Order_Date | E1: Months | F1: Quantity | G1: Payment_Method | H1: City
A2: ORD-001 | B2: CUST-041 | C2: PRD-024 | D2: 29/06/2024 | E2: =TEXT(D2,"mmm") -> Jun | F2: 3 | G2: Cash | H2: =VLOOKUP(B2, Customers!A:D, 4, FALSE) -> Kisumu
A3: ORD-002 | B3: CUST-006 | C3: PRD-021 | D3: 29/10/2024 | E3: =TEXT(D3,"mmm") -> Oct | F3: 4 | G3: Airtel Money | H3: =VLOOKUP(B3, Customers!A:D, 4, FALSE) -> Nairobi
A4: ORD-003 | B4: CUST-041 | C4: PRD-021 | D4: 26/06/2024 | E4: =TEXT(D4,"mmm") -> Jun | F4: 2 | G4: M-Pesa | H4: =VLOOKUP(B4, Customers!A:D, 4, FALSE) -> Kisumu
A5: ORD-004 | B5: CUST-032 | C5: PRD-003 | D5: 20/06/2024 | E5: =TEXT(D5,"mmm") -> Jun | F5: 2 | G5: Airtel Money | H5: =VLOOKUP(B5, Customers!A:D, 4, FALSE) -> Kisumu
A6: ORD-005 | B6: CUST-034 | C6: PRD-006 | D6: 04/09/2024 | E6: =TEXT(D6,"mmm") -> Sept | F6: 3 | G6: M-Pesa | H6: =VLOOKUP(B6, Customers!A:D, 4, FALSE) -> Eldoret
A7: ORD-006 | B7: CUST-004 | C7: PRD-012 | D7: 13/01/2024 | E7: =TEXT(D7,"mmm") -> Jan | F7: 5 | G7: M-Pesa | H7: =VLOOKUP(B7, Customers!A:D, 4, FALSE) -> Eldoret
A8: ORD-007 | B8: CUST-046 | C8: PRD-026 | D8: 24/03/2024 | E8: =TEXT(D8,"mmm") -> Mar | F8: 4 | G8: Cash | H8: =VLOOKUP(B8, Customers!A:D, 4, FALSE) -> Nairobi
A9: ORD-008 | B9: CUST-042 | C9: PRD-027 | D9: 08/03/2024 | E9: =TEXT(D9,"mmm") -> Mar | F9: 4 | G9: M-Pesa | H9: =VLOOKUP(B9, Customers!A:D, 4, FALSE) -> Mombasa
A10: ORD-009 | B10: CUST-049 | C10: PRD-018 | D10: 26/07/2024 | E10: =TEXT(D10,"mmm") -> Jul | F10: 2 | G10: Card | H10: =VLOOKUP(B10, Customers!A:D, 4, FALSE) -> Nakuru
A11: ORD-010 | B11: CUST-048 | C11: PRD-002 | D11: 02/01/2024 | E11: =TEXT(D11,"mmm") -> Jan | F11: 5 | G11: M-Pesa | H11: =VLOOKUP(B11, Customers!A:D, 4, FALSE) -> Kisumu
A12: ORD-011 | B12: CUST-042 | C12: PRD-004 | D12: 19/03/2024 | E12: =TEXT(D12,"mmm") -> Mar | F12: 3 | G12: Card | H12: =VLOOKUP(B12, Customers!A:D, 4, FALSE) -> Mombasa
A13: ORD-012 | B13: CUST-039 | C13: PRD-024 | D13: 26/08/2024 | E13: =TEXT(D13,"mmm") -> Aug | F13: 5 | G13: M-Pesa | H13: =VLOOKUP(B13, Customers!A:D, 4, FALSE) -> Kisumu
... A101: ORD-100 | B101: CUST-032 | C101: PRD-008 | D101: 26/06/2024 | E101: =TEXT(D101,"mmm") -> Jun | F101: 3 | G101: M-Pesa | H101: =VLOOKUP(B101, Customers!A:D, 4, FALSE) -> Kisumu

Sheet pivot table
A3: Row Labels | B3: Sum of Quantity
A4: CUST-014 | B4: 4
A5: CUST-024 | B5: 3
A6: CUST-037 | B6: 5
A7: CUST-041 | B7: 4
A8: CUST-048 | B8: 4
A9: Grand Total | B9: 20
D32: Row Labels | E32: Sum of Quantity
D33: Airtel Money | E33: 3
D34: Card | E34: 9 | G34: Row Labels | H34: Sum of Quantity
D35: M-Pesa | E35: 8 | G35: Mar | H35: 3
D36: Grand Total | E36: 20 | G36: Jul | H36: 17
G37: Grand Total | H37: 20
H56: Row Labels | I56: Sum of Quantity
H57: Kisumu | I57: 20
H58: Grand Total | I58: 20

Sheet Dasboard
A1: Total orders | C1: Total Quantity | E1: Total customers
A2: =COUNTA(orders!A:A)-1 -> 100 | C2: =SUM(orders!F:F) -> 313 | E2: 50
B3: E-COMMERCE DASHBOARD
B31: INSIGHTS
B32: • January has the highest number of orders, indicating strong demand early in the year. • Nairobi is the top-performing city, suggesting it is the main market. • M-Pesa is the most used payment method, showing strong preference for mobile payments.
